review,Category
bought offer time installation service excellent dont expect excellent quality viewing worth money pay job wellread,Uncategorized
picture quality good kid room size received installation also hours quality product niceread,Television
picture qualitysound quality excellentnumber product price rangeread,Television
tv stand given tv box add supplyread,Television
note tv table stand provided box bluetooth support wifi ghz supported ghz wifi support picture audio quality superb supports dolby hdrbuy u want reliability samsung displays reliable last long unlike cheap counterparts good picture audio qualitybought bezel less variant rupeessamsung reliable brand picture quality good although full hd p display inches apparentuser interface okay netflix app works smooth prime video app laggy tizen os fine google play store doesnt support chromecast supports mira cast different casting protocolfeature wise tizen os bare minimum easily buy android tv box get google play functionality u want run android appsbrands like tcl ifalconn redmi offer features run google tv android tv hardware reliablethis samsung inches tv great deal u buy k inr great picture clarity good sound quality hdr works good samsung great sales customer service u want good quality reliable tv dont care much android tv os go great productread,Phone
media could loadedamazing tv using since monthpicture quality sound good buy durga puja festival low discountso giyes dont waste time go purchase itinstallation time wall mount given free installation team thank u amezonread,Television
nice product always given satisfied brand recommended purchaseread,Uncategorized
good productread,Uncategorized
phone works expectedit works smooth battery last approximate daysthe camera quality okif want buy parents good go phone use social media general use rather camera video recording purpose,Phone
one best phones terms costs looks sleek smart camera okayish,Phone
good phone budget,Phone
performance better eat brightness brighter touch functionality better user friendly battery keep hour working hours buy phone better go ahead buy idea gaming level better,Phone
average product value money charging speed good discharging speed worse camera quality average user friendly display quality also good tough,Television
good product price storage wisebut process bit slow lags sometime using long time,Uncategorized
cheap best,Uncategorized
really happy product looks wise awesome sleek design makes appealing overall good quality given price however redmi note earlier price camera quality better one sound quality good sound bit low calls battery life best thing vouch overall good performance durability say value money product,Phone
okey company make size beautiful,Uncategorized
good product economic pricelook wise design wise really good tubes k video bolume bahot kam hai handset notes likhte waqt cursor kabi bhi last row se first row chala jata hai isse baar baar wrong edit nd delete ho jata hai annoyingcharging speed gooduser friendly ko starno heating issue,Phone
value money,Uncategorized
goodreview months use everything good price overall quality great light users someone wants high spec fast performance ui bit laggy sometime though worry dont use background running appsscreen brightness quality alright par amoled displays though quite vibrant make iti bought dad quite happy id recommend buy lightest use means heavy gaming,Phone
goodthis third purchase redmi phone prefer redmi phone value money product dont high expectation disappointment previous phones time battery life low previous phone gave buy back option gave two days back till last day returning else new phone giving one half day lifealso phone comes lot apps needed use phone might one reason less battery life tube app many tools intalled system app cant uninstall lot un necessary apps phone dont want makes phone slow less bettery life look feel phone good camera also good previous redmi phones also camera good months quality goes dont know whether happen one also generally able whole heartedly recommend phone,Phone
goodgoodgood product price range,Uncategorized
nice product,Uncategorized
nicenessa good budget smartphone price range,Phone
value money products hand friendly camera okk battery ok hangs little bit,Phone
value money,Uncategorized
nicevalue moneygood performance,Uncategorized
overall good phone,Phone
likegood looking phone phone size niceif minimum budget valuableit value money suggest please purchase u low budget u want screen touch phonespeed good sound quality also good camera good,Phone
redmi reduced earphone volume connecting earphone volume comparatively lower redmi dont know latest models comes much sound need check buy,Phone
value money,Uncategorized
display quality,Television
people think pay get good phone tell pay less get features premium phones days mobile companies nothing upgrade thay playing game change ram rom camera displaynow lets talk phonexioami always best customization easily cutomize everything without downloading third party app heating phone earier redmi phones heating much time controlled battery battery always issue mi phones draaining faster teasting new phone day used runtime days looking budget phone buy much money spend phone go premium foldable phones,Phone
goodgoodlooks really good connectivity also goodbut due offer time purchase items included screen guard transparent mobile cover,Phone
redmi c budgetfriendly smartphone aims offer good balance features price comes large vibrant display great media consumption casual gaming design sleek modern aesthetic feels premium price might suggestin terms performance redmi c equipped capable processor handles everyday tasks smoothly though might struggle intensive applications camera setup delivers decent photos welllit conditions inconsistent low light battery life one strong points typically lasting full day moderate useoverall redmi c provides good value cost making solid choice users need reliable phone without breaking bank,Phone
goodgoodphone hot time,Phone
nice working budgetaccording price product good,Uncategorized
works well price issues far g,Uncategorized
ek dum mast h thanks amazon,Uncategorized
camera quality must better else phone good,Phone
goodaffordable price,Uncategorized
good connecting,Uncategorized
good brand good functions,Uncategorized
although g overall phone good aspects,Phone
goodvalue money,Uncategorized
cooli gift phone grand pa add less add miuithis phone connect ummany persona world brushed ui bit sry mi companyyour phone hazedorus students like mei passed class th previous yearso please keep suck head add phmonocle_facenezzz,Phone
ordering lot things amazon last several years never complaint product good,Uncategorized
budget mobile performance good display works good im budget company provide fast charging support,Phone
like enjoy product ram rom good processor higher speed,Phone
goodnow im using mobile last months performing well,Phone
cost effective item within range configuration good,Uncategorized
goodvalue money,Uncategorized
cooli gift phone grand pa add less add miuithis phone connect ummany persona world brushed ui bit sry mi companyyour phone hazedorus students like mei passed class th previous yearso please keep suck head add phmonocle_facenezzz,Phone
ordering lot things amazon last several years never complaint product good,Uncategorized
budget mobile performance good display works good im budget company provide fast charging support,Phone
like enjoy product ram rom good processor higher speed,Phone
goodnow im using mobile last months performing well,Phone
cost effective item within range configuration good,Uncategorized
